patient_id,fasting_insulin,fasting_glucose,converted_glucose,homa_score,high_homa_scores,glycohemoglobin
1,6.8,110,6.111111111111111,1.8469135802469134,1,6
2,9.5,90,5,2.111111111111111,1,7.5
3,8.2,85,4.722222222222222,1.7209876543209877,0,8.6
4,7.2,105,5.833333333333333,1.8666666666666667,1,9
5,8,95,5.277777777777778,1.876543209876543,1,5.5
,,Table 2,,,,
,,Patient ID,Glycohemoglobin,,,
,,1,6,,,
,,2,7.5,,,
,,3,8.6,,,
,,4,9,,,
,,5,5.5,,,
